,_id,investSessionId,chapterId,childId,turn,riskLevel,currentPoint,beforeValue,currentValue,initialValue,numberOfShares,income,transactionType,plusClick,minusClick,startedAt,endedAt,_class
0,b'\x15MDz\xb6_di\xd7\xf8/\xa1\xeb\xe3\x15\xb1',b'\xe6@\x80\xa9\x0c\x83G\x1bv@\xc3\xd0D\xa4\x12\xb2',"b'33""""\x11\x11\x11\xa1UUUUUUDD'","b'33""""\x11\x11\x11\xc1UUUUUUDD'",1,고위험 고수익,1400,0,100,100,4,0,BUY,4,0,2025-06-05 18:15:22,2025-06-05 18:15:28,com.popoworld.backend.invest.entity.InvestHistory
1,"b'""C@9|\x18 \x17\xf7\xec\x8c\xd8\xdc\x92\x02\x8c'",b'\xe6@\x80\xa9\x0c\x83G\x1bv@\xc3\xd0D\xa4\x12\xb2',"b'33""""\x11\x11\x11\xa1UUUUUUDD'","b'33""""\x11\x11\x11\xc1UUUUUUDD'",1,균형형,1400,0,100,100,2,0,BUY,2,0,2025-06-05 18:15:22,2025-06-05 18:15:28,com.popoworld.backend.invest.entity.InvestHistory
2,"b'\x0bF\x95\x82\x13\xe4xs&,\xc8$\x93\xc1\x0c\x95'",b'\xe6@\x80\xa9\x0c\x83G\x1bv@\xc3\xd0D\xa4\x12\xb2',"b'33""""\x11\x11\x11\xa1UUUUUUDD'","b'33""""\x11\x11\x11\xc1UUUUUUDD'",1,장기 안정형,1400,0,100,100,0,0,KEEP,0,0,2025-06-05 18:15:22,2025-06-05 18:15:28,com.popoworld.backend.invest.entity.InvestHistory
3,b'[I\xdb*\xc9a\xed\xe9\x96c]\x01t\xdf\x94\xaf',b'\xe6@\x80\xa9\x0c\x83G\x1bv@\xc3\xd0D\xa4\x12\xb2',"b'33""""\x11\x11\x11\xa1UUUUUUDD'","b'33""""\x11\x11\x11\xc1UUUUUUDD'",2,균형형,1115,100,110,100,2,0,KEEP,0,0,2025-06-05 18:15:22,2025-06-05 18:15:30,com.popoworld.backend.invest.entity.InvestHistory
4,b'[M\xa6\xbf\xdb~\xe4\xb5\x0b6\x03\x9b&\xaf\x1b\x88',b'\xe6@\x80\xa9\x0c\x83G\x1bv@\xc3\xd0D\xa4\x12\xb2',"b'33""""\x11\x11\x11\xa1UUUUUUDD'","b'33""""\x11\x11\x11\xc1UUUUUUDD'",2,고위험 고수익,1115,100,90,100,4,0,KEEP,0,0,2025-06-05 18:15:22,2025-06-05 18:15:30,com.popoworld.backend.invest.entity.InvestHistory
5,b'\xa0F\xe7\xbb\xa8\xa8\xcd\x1c[sAn\x8a\x12\xa5\x9e',b'\xe6@\x80\xa9\x0c\x83G\x1bv@\xc3\xd0D\xa4\x12\xb2',"b'33""""\x11\x11\x11\xa1UUUUUUDD'","b'33""""\x11\x11\x11\xc1UUUUUUDD'",2,장기 안정형,1115,100,95,100,3,0,BUY,3,0,2025-06-05 18:15:22,2025-06-05 18:15:30,com.popoworld.backend.invest.entity.InvestHistory
6,b'\xbfE\xd4\xcb\xc6\xd1\x184\xcb\xa6\xbe\xc3y\x95\xb0\x82',b'\xe6@\x80\xa9\x0c\x83G\x1bv@\xc3\xd0D\xa4\x12\xb2',"b'33""""\x11\x11\x11\xa1UUUUUUDD'","b'33""""\x11\x11\x11\xc1UUUUUUDD'",3,고위험 고수익,755,90,70,100,4,0,KEEP,0,0,2025-06-05 18:15:22,2025-06-05 18:15:32,com.popoworld.backend.invest.entity.InvestHistory
7,b'\xcdL\x16%\x83\xab+M\xd6\xb5\xda\xd0=l\x8d\x85',b'\xe6@\x80\xa9\x0c\x83G\x1bv@\xc3\xd0D\xa4\x12\xb2',"b'33""""\x11\x11\x11\xa1UUUUUUDD'","b'33""""\x11\x11\x11\xc1UUUUUUDD'",3,장기 안정형,755,95,105,100,3,0,KEEP,0,0,2025-06-05 18:15:22,2025-06-05 18:15:32,com.popoworld.backend.invest.entity.InvestHistory
8,"b'aO,\x9b0{\x1b\xd2\xedT\rf\xa2\xc0\xbb\xab'",b'\xe6@\x80\xa9\x0c\x83G\x1bv@\xc3\xd0D\xa4\x12\xb2',"b'33""""\x11\x11\x11\xa1UUUUUUDD'","b'33""""\x11\x11\x11\xc1UUUUUUDD'",3,균형형,755,110,120,100,5,0,BUY,3,0,2025-06-05 18:15:22,2025-06-05 18:15:32,com.popoworld.backend.invest.entity.InvestHistory
9,b'5H\x10\xbd*\xe42\x14 &F\x01\xf9\xb2\x81\x8b',b'\xe6@\x80\xa9\x0c\x83G\x1bv@\xc3\xd0D\xa4\x12\xb2',"b'33""""\x11\x11\x11\xa1UUUUUUDD'","b'33""""\x11\x11\x11\xc1UUUUUUDD'",4,장기 안정형,355,105,100,100,7,0,BUY,4,0,2025-06-05 18:15:22,2025-06-05 18:15:34,com.popoworld.backend.invest.entity.InvestHistory
10,"b""\xb0K\xe5|\xc56\xa6'\xbe\xb4|\xb3\xb1\xe6\xf4\xb0""",b'\xe6@\x80\xa9\x0c\x83G\x1bv@\xc3\xd0D\xa4\x12\xb2',"b'33""""\x11\x11\x11\xa1UUUUUUDD'","b'33""""\x11\x11\x11\xc1UUUUUUDD'",4,균형형,355,120,130,100,5,0,KEEP,0,0,2025-06-05 18:15:22,2025-06-05 18:15:34,com.popoworld.backend.invest.entity.InvestHistory
11,b'\xa8C4}\xa6\xab\xa9p\xac\xe2]\xa4\xa1\x83s\xa3',b'\xe6@\x80\xa9\x0c\x83G\x1bv@\xc3\xd0D\xa4\x12\xb2',"b'33""""\x11\x11\x11\xa1UUUUUUDD'","b'33""""\x11\x11\x11\xc1UUUUUUDD'",4,고위험 고수익,355,70,60,100,4,0,KEEP,0,0,2025-06-05 18:15:22,2025-06-05 18:15:34,com.popoworld.backend.invest.entity.InvestHistory
12,b'gD_=\xc68\x82\xf0K\x97\xa51E\xd2\xb4\x8c',b'\xe6@\x80\xa9\x0c\x83G\x1bv@\xc3\xd0D\xa4\x12\xb2',"b'33""""\x11\x11\x11\xa1UUUUUUDD'","b'33""""\x11\x11\x11\xc1UUUUUUDD'",5,장기 안정형,255,100,95,100,7,0,KEEP,0,0,2025-06-05 18:15:22,2025-06-05 18:15:47,com.popoworld.backend.invest.entity.InvestHistory
13,b'<F\x02uF\xd4\xad \xc4\x0c\x98\x12&\x8a\xde\x9a',b'\xe6@\x80\xa9\x0c\x83G\x1bv@\xc3\xd0D\xa4\x12\xb2',"b'33""""\x11\x11\x11\xa1UUUUUUDD'","b'33""""\x11\x11\x11\xc1UUUUUUDD'",5,균형형,255,130,140,100,5,0,KEEP,0,0,2025-06-05 18:15:22,2025-06-05 18:15:47,com.popoworld.backend.invest.entity.InvestHistory
14,"b'\xe0N\xa1,\x9d\x01\x14H b\n\xa0\xb0\xd0e\xbb'",b'\xe6@\x80\xa9\x0c\x83G\x1bv@\xc3\xd0D\xa4\x12\xb2',"b'33""""\x11\x11\x11\xa1UUUUUUDD'","b'33""""\x11\x11\x11\xc1UUUUUUDD'",5,고위험 고수익,255,60,50,100,6,0,BUY,2,0,2025-06-05 18:15:22,2025-06-05 18:15:47,com.popoworld.backend.invest.entity.InvestHistory
15,"b'\x9aHA-\xa9v\x12;h""N\xc6\x7f\x8c\x0e\xb7'",b'\xe6@\x80\xa9\x0c\x83G\x1bv@\xc3\xd0D\xa4\x12\xb2',"b'33""""\x11\x11\x11\xa1UUUUUUDD'","b'33""""\x11\x11\x11\xc1UUUUUUDD'",5,고위험 고수익,255,60,50,100,6,0,BUY,2,0,2025-06-05 18:15:22,2025-06-05 18:15:49,com.popoworld.backend.invest.entity.InvestHistory
16,b'\xb2J\xa8X\xae\x95\x83)\x84\x00E\xdd\xe2.\xf8\xa0',b'\xe6@\x80\xa9\x0c\x83G\x1bv@\xc3\xd0D\xa4\x12\xb2',"b'33""""\x11\x11\x11\xa1UUUUUUDD'","b'33""""\x11\x11\x11\xc1UUUUUUDD'",5,장기 안정형,255,100,95,100,7,0,KEEP,0,0,2025-06-05 18:15:22,2025-06-05 18:15:49,com.popoworld.backend.invest.entity.InvestHistory
17,b'\xa8F\x12*\xd4(\xcfW\x83\xe28\xcecY\xba\xa7',b'\xe6@\x80\xa9\x0c\x83G\x1bv@\xc3\xd0D\xa4\x12\xb2',"b'33""""\x11\x11\x11\xa1UUUUUUDD'","b'33""""\x11\x11\x11\xc1UUUUUUDD'",5,균형형,255,130,140,100,5,0,KEEP,0,0,2025-06-05 18:15:22,2025-06-05 18:15:49,com.popoworld.backend.invest.entity.InvestHistory
18,b'\x1fA\x8f\xdb6\xb3\x1e\x12\xc9HZ\xc6\x0c)]\x94',b'\x7fIt\x7f\xfa\xb6\x88E\xf4\xf3\x8d\tb\xc9_\xbb',"b'33""""\x11\x11\x11\xa1UUUUUUDD'","b'33""""\x11\x11\x11\xc1UUUUUUDD'",1,고위험 고수익,2000,0,100,100,0,0,KEEP,0,0,2025-06-05 22:24:27,2025-06-05 22:24:31,com.popoworld.backend.invest.entity.InvestHistory
19,b'\xdaD4\xc9V\x8eAn\xd0\x84C\xde\xf2x\xbb\x82',b'\x7fIt\x7f\xfa\xb6\x88E\xf4\xf3\x8d\tb\xc9_\xbb',"b'33""""\x11\x11\x11\xa1UUUUUUDD'","b'33""""\x11\x11\x11\xc1UUUUUUDD'",1,균형형,2000,0,100,100,0,0,KEEP,0,0,2025-06-05 22:24:27,2025-06-05 22:24:31,com.popoworld.backend.invest.entity.InvestHistory
20,b'XN\xa1\x0bg\xd4\x8a\x850\xac\x84)\xe1\xa0\x15\xad',b'\x7fIt\x7f\xfa\xb6\x88E\xf4\xf3\x8d\tb\xc9_\xbb',"b'33""""\x11\x11\x11\xa1UUUUUUDD'","b'33""""\x11\x11\x11\xc1UUUUUUDD'",1,장기 안정형,2000,0,100,100,0,0,KEEP,0,0,2025-06-05 22:24:27,2025-06-05 22:24:31,com.popoworld.backend.invest.entity.InvestHistory
21,"b'\xd0Fmu\xda,\xcf\x8e\xdam\xb7e\x0f\xe9\x88\x88'",b'\x7fIt\x7f\xfa\xb6\x88E\xf4\xf3\x8d\tb\xc9_\xbb',"b'33""""\x11\x11\x11\xa1UUUUUUDD'","b'33""""\x11\x11\x11\xc1UUUUUUDD'",2,장기 안정형,2000,100,95,100,0,0,KEEP,0,0,2025-06-05 22:24:27,2025-06-05 22:24:46,com.popoworld.backend.invest.entity.InvestHistory
22,b'\x0fG\x8c\x84\xaf5\xe1\xdf\x00\xb2Fn\x13\xb5\xb4\x94',b'\x7fIt\x7f\xfa\xb6\x88E\xf4\xf3\x8d\tb\xc9_\xbb',"b'33""""\x11\x11\x11\xa1UUUUUUDD'","b'33""""\x11\x11\x11\xc1UUUUUUDD'",2,균형형,2000,100,110,100,0,0,KEEP,0,0,2025-06-05 22:24:27,2025-06-05 22:24:46,com.popoworld.backend.invest.entity.InvestHistory
23,"b'IK\xadLp\x9e\xfb`\xd8\x80""z\xef\x91\x9e\x95'",b'\x7fIt\x7f\xfa\xb6\x88E\xf4\xf3\x8d\tb\xc9_\xbb',"b'33""""\x11\x11\x11\xa1UUUUUUDD'","b'33""""\x11\x11\x11\xc1UUUUUUDD'",2,고위험 고수익,2000,100,90,100,0,0,KEEP,0,0,2025-06-05 22:24:27,2025-06-05 22:24:46,com.popoworld.backend.invest.entity.InvestHistory
24,b'\xeeC\xcf4\xd8\x1d\xfea\xac\xfc\xa3r\x92\x06\xe1\x86',b'\x7fIt\x7f\xfa\xb6\x88E\xf4\xf3\x8d\tb\xc9_\xbb',"b'33""""\x11\x11\x11\xa1UUUUUUDD'","b'33""""\x11\x11\x11\xc1UUUUUUDD'",3,고위험 고수익,2000,90,70,100,0,0,KEEP,0,0,2025-06-05 22:24:27,2025-06-05 22:36:19,com.popoworld.backend.invest.entity.InvestHistory
25,b'\x9dCH\xda\xd4\x9c\xab\xcf\x89\x10c\xcd^5\xdb\x87',b'\x7fIt\x7f\xfa\xb6\x88E\xf4\xf3\x8d\tb\xc9_\xbb',"b'33""""\x11\x11\x11\xa1UUUUUUDD'","b'33""""\x11\x11\x11\xc1UUUUUUDD'",3,균형형,2000,110,120,100,0,0,KEEP,0,0,2025-06-05 22:24:27,2025-06-05 22:36:19,com.popoworld.backend.invest.entity.InvestHistory
26,b'\xadL\xce\x042\x1f\xa8\x1d\x06\x7f\x82\xa3(\xa7\xf4\xbb',b'\x7fIt\x7f\xfa\xb6\x88E\xf4\xf3\x8d\tb\xc9_\xbb',"b'33""""\x11\x11\x11\xa1UUUUUUDD'","b'33""""\x11\x11\x11\xc1UUUUUUDD'",3,장기 안정형,2000,95,105,100,0,0,KEEP,0,0,2025-06-05 22:24:27,2025-06-05 22:36:19,com.popoworld.backend.invest.entity.InvestHistory
27,b' G\xb4D\xcf\x81$\x1c\x1a-r\xaa\x1c@\xda\xb8',b'\x7fIt\x7f\xfa\xb6\x88E\xf4\xf3\x8d\tb\xc9_\xbb',"b'33""""\x11\x11\x11\xa1UUUUUUDD'","b'33""""\x11\x11\x11\xc1UUUUUUDD'",4,고위험 고수익,2000,70,60,100,0,0,KEEP,0,0,2025-06-05 22:24:27,2025-06-05 22:36:20,com.popoworld.backend.invest.entity.InvestHistory
28,b'\x8fMhgn\xa3\x10\x9a7a\xd36\x9d@3\xbd',b'\x7fIt\x7f\xfa\xb6\x88E\xf4\xf3\x8d\tb\xc9_\xbb',"b'33""""\x11\x11\x11\xa1UUUUUUDD'","b'33""""\x11\x11\x11\xc1UUUUUUDD'",4,장기 안정형,2000,105,100,100,0,0,KEEP,0,0,2025-06-05 22:24:27,2025-06-05 22:36:20,com.popoworld.backend.invest.entity.InvestHistory
29,"b',AJ\xed\x9c\xf9\xe0\xa6\x07\xd0\x06\x1a\xb7\xebt\xa6'",b'\x7fIt\x7f\xfa\xb6\x88E\xf4\xf3\x8d\tb\xc9_\xbb',"b'33""""\x11\x11\x11\xa1UUUUUUDD'","b'33""""\x11\x11\x11\xc1UUUUUUDD'",4,균형형,2000,120,130,100,0,0,KEEP,0,0,2025-06-05 22:24:27,2025-06-05 22:36:20,com.popoworld.backend.invest.entity.InvestHistory
30,b'qA\xdd]\xb0;L\x18\xe7\x91P[\x8e\x85]\x94',b'\x15M\x103S\xe6\xa0P\xa0\xea\xa4f\xfb\x12y\x95',"b'33""""\x11\x11\x11\xa1UUUUUUDD'","b'33""""\x11\x11\x11\xc1UUUUUUDD'",1,고위험 고수익,2000,0,100,100,0,0,KEEP,0,0,2025-06-05 22:36:37,2025-06-05 22:36:39,com.popoworld.backend.invest.entity.InvestHistory
31,b'\xa1Lr\x90GZ\xec\xddY\xad\xacm@\xbf\xc9\x96',b'\x15M\x103S\xe6\xa0P\xa0\xea\xa4f\xfb\x12y\x95',"b'33""""\x11\x11\x11\xa1UUUUUUDD'","b'33""""\x11\x11\x11\xc1UUUUUUDD'",1,균형형,2000,0,100,100,0,0,KEEP,0,0,2025-06-05 22:36:37,2025-06-05 22:36:39,com.popoworld.backend.invest.entity.InvestHistory
32,b'\x12L\x8d\xb378\xa45\x88i\xfd\xa8z`\xef\xb5',b'\x15M\x103S\xe6\xa0P\xa0\xea\xa4f\xfb\x12y\x95',"b'33""""\x11\x11\x11\xa1UUUUUUDD'","b'33""""\x11\x11\x11\xc1UUUUUUDD'",1,장기 안정형,2000,0,100,100,0,0,KEEP,0,0,2025-06-05 22:36:37,2025-06-05 22:36:39,com.popoworld.backend.invest.entity.InvestHistory
33,b'\xacO\xc9i#\x86\x98\xc4\x88h\x91\x94I\x06\x05\x8e',b'\x15M\x103S\xe6\xa0P\xa0\xea\xa4f\xfb\x12y\x95',"b'33""""\x11\x11\x11\xa1UUUUUUDD'","b'33""""\x11\x11\x11\xc1UUUUUUDD'",2,장기 안정형,2000,100,95,100,0,0,KEEP,0,0,2025-06-05 22:36:37,2025-06-05 22:36:42,com.popoworld.backend.invest.entity.InvestHistory
34,b'\xa5G:\x1d*\xd8\r\xf1\x11\xfa\xda\x12k\xbe~\x9f',b'\x15M\x103S\xe6\xa0P\xa0\xea\xa4f\xfb\x12y\x95',"b'33""""\x11\x11\x11\xa1UUUUUUDD'","b'33""""\x11\x11\x11\xc1UUUUUUDD'",2,균형형,2000,100,110,100,0,0,KEEP,0,0,2025-06-05 22:36:37,2025-06-05 22:36:42,com.popoworld.backend.invest.entity.InvestHistory
35,b'*I\x9f\x12\xc7\x00\xb2k\xb2\xda\xa9A\xe8\xea\xb6\xbc',b'\x15M\x103S\xe6\xa0P\xa0\xea\xa4f\xfb\x12y\x95',"b'33""""\x11\x11\x11\xa1UUUUUUDD'","b'33""""\x11\x11\x11\xc1UUUUUUDD'",2,고위험 고수익,2000,100,90,100,0,0,KEEP,0,0,2025-06-05 22:36:37,2025-06-05 22:36:42,com.popoworld.backend.invest.entity.InvestHistory
36,b'?A\xee\xd0\xdfJV4+>\x97\xa1g\xc5\x1d\x9f',b'\x15M\x103S\xe6\xa0P\xa0\xea\xa4f\xfb\x12y\x95',"b'33""""\x11\x11\x11\xa1UUUUUUDD'","b'33""""\x11\x11\x11\xc1UUUUUUDD'",3,장기 안정형,2000,95,105,100,0,0,KEEP,0,0,2025-06-05 22:36:37,2025-06-05 22:36:46,com.popoworld.backend.invest.entity.InvestHistory
37,b'|G\x1c\xdc\x12W\xfe\xe0\xd87\x0f\x04\xa7\x9d\xd7\xac',b'\x15M\x103S\xe6\xa0P\xa0\xea\xa4f\xfb\x12y\x95',"b'33""""\x11\x11\x11\xa1UUUUUUDD'","b'33""""\x11\x11\x11\xc1UUUUUUDD'",3,균형형,2000,110,120,100,0,0,KEEP,0,0,2025-06-05 22:36:37,2025-06-05 22:36:46,com.popoworld.backend.invest.entity.InvestHistory
38,b'0BQ\x9d\x9e\x1b\x14\x80\xff\xc9\xb7\xfa+\xe4e\x94',b'\x15M\x103S\xe6\xa0P\xa0\xea\xa4f\xfb\x12y\x95',"b'33""""\x11\x11\x11\xa1UUUUUUDD'","b'33""""\x11\x11\x11\xc1UUUUUUDD'",3,고위험 고수익,2000,90,70,100,0,0,KEEP,0,0,2025-06-05 22:36:37,2025-06-05 22:36:46,com.popoworld.backend.invest.entity.InvestHistory
39,b'FD+\x9f\x9c\xbbV\xf3\xfc\xff\xc09\xaa\x7f:\xbd',b'\x15M\x103S\xe6\xa0P\xa0\xea\xa4f\xfb\x12y\x95',"b'33""""\x11\x11\x11\xa1UUUUUUDD'","b'33""""\x11\x11\x11\xc1UUUUUUDD'",4,장기 안정형,2000,105,100,100,0,0,KEEP,0,0,2025-06-05 22:36:37,2025-06-05 22:36:54,com.popoworld.backend.invest.entity.InvestHistory
40,b'\xc5LG\xa3m\xff\x00\xd0<Yz\xddj \xeb\xa8',b'\x15M\x103S\xe6\xa0P\xa0\xea\xa4f\xfb\x12y\x95',"b'33""""\x11\x11\x11\xa1UUUUUUDD'","b'33""""\x11\x11\x11\xc1UUUUUUDD'",4,고위험 고수익,2000,70,60,100,0,0,KEEP,0,0,2025-06-05 22:36:37,2025-06-05 22:36:54,com.popoworld.backend.invest.entity.InvestHistory
41,b'aFj\xa8@Dud?v\x1c\xa3:0\xfc\x96',b'\x15M\x103S\xe6\xa0P\xa0\xea\xa4f\xfb\x12y\x95',"b'33""""\x11\x11\x11\xa1UUUUUUDD'","b'33""""\x11\x11\x11\xc1UUUUUUDD'",4,균형형,2000,120,130,100,0,0,KEEP,0,0,2025-06-05 22:36:37,2025-06-05 22:36:54,com.popoworld.backend.invest.entity.InvestHistory
42,b'\xafI{f\x02Z\xc6\xdfz_\xb2\x11\xea\xe7M\xae',b'\x15M\x103S\xe6\xa0P\xa0\xea\xa4f\xfb\x12y\x95',"b'33""""\x11\x11\x11\xa1UUUUUUDD'","b'33""""\x11\x11\x11\xc1UUUUUUDD'",5,고위험 고수익,2000,60,50,100,0,0,KEEP,0,0,2025-06-05 22:36:37,2025-06-05 22:36:54,com.popoworld.backend.invest.entity.InvestHistory
43,b'\xd7AR\xec4\xa2.\x90%\xc2\xdc\xbb\x8a\x9cX\x8f',b'\x15M\x103S\xe6\xa0P\xa0\xea\xa4f\xfb\x12y\x95',"b'33""""\x11\x11\x11\xa1UUUUUUDD'","b'33""""\x11\x11\x11\xc1UUUUUUDD'",5,균형형,2000,130,140,100,0,0,KEEP,0,0,2025-06-05 22:36:37,2025-06-05 22:36:54,com.popoworld.backend.invest.entity.InvestHistory
44,"b'\x0bEL/Ab\xc2gYvr,I:\xe2\x8b'",b'\x15M\x103S\xe6\xa0P\xa0\xea\xa4f\xfb\x12y\x95',"b'33""""\x11\x11\x11\xa1UUUUUUDD'","b'33""""\x11\x11\x11\xc1UUUUUUDD'",5,장기 안정형,2000,100,95,100,0,0,KEEP,0,0,2025-06-05 22:36:37,2025-06-05 22:36:54,com.popoworld.backend.invest.entity.InvestHistory
45,b'\x87O\x80\x8a\xad\x8e\x0c\x99\xb4.v\xf5\xe4\xcf\x96\xbf',b'\x15M\x103S\xe6\xa0P\xa0\xea\xa4f\xfb\x12y\x95',"b'33""""\x11\x11\x11\xa1UUUUUUDD'","b'33""""\x11\x11\x11\xc1UUUUUUDD'",6,장기 안정형,2000,95,90,100,0,0,KEEP,0,0,2025-06-05 22:36:37,2025-06-05 22:36:54,com.popoworld.backend.invest.entity.InvestHistory
46,b'\x1dN\xac\xff4\xd7d o\xf4Mu\x9c\xc9\x0c\xb0',b'\x15M\x103S\xe6\xa0P\xa0\xea\xa4f\xfb\x12y\x95',"b'33""""\x11\x11\x11\xa1UUUUUUDD'","b'33""""\x11\x11\x11\xc1UUUUUUDD'",6,고위험 고수익,2000,50,40,100,0,0,KEEP,0,0,2025-06-05 22:36:37,2025-06-05 22:36:54,com.popoworld.backend.invest.entity.InvestHistory
47,b'~@\xa7)\xfb\xbe0\xd6)F\x7fn&fv\x85',b'\x15M\x103S\xe6\xa0P\xa0\xea\xa4f\xfb\x12y\x95',"b'33""""\x11\x11\x11\xa1UUUUUUDD'","b'33""""\x11\x11\x11\xc1UUUUUUDD'",6,균형형,2000,140,150,100,0,0,KEEP,0,0,2025-06-05 22:36:37,2025-06-05 22:36:54,com.popoworld.backend.invest.entity.InvestHistory
48,b'\xe6Bg\xb3\r\xed\xb4\r\x81\x19\xb9\x074pp\xb1',b'\x15M\x103S\xe6\xa0P\xa0\xea\xa4f\xfb\x12y\x95',"b'33""""\x11\x11\x11\xa1UUUUUUDD'","b'33""""\x11\x11\x11\xc1UUUUUUDD'",7,장기 안정형,2000,90,85,100,0,0,KEEP,0,0,2025-06-05 22:36:37,2025-06-05 22:36:55,com.popoworld.backend.invest.entity.InvestHistory
49,b'\x9eO4z\x07=M\x03^>\x8c@\xe4i\x8f\x96',b'\x15M\x103S\xe6\xa0P\xa0\xea\xa4f\xfb\x12y\x95',"b'33""""\x11\x11\x11\xa1UUUUUUDD'","b'33""""\x11\x11\x11\xc1UUUUUUDD'",7,고위험 고수익,2000,40,30,100,0,0,KEEP,0,0,2025-06-05 22:36:37,2025-06-05 22:36:55,com.popoworld.backend.invest.entity.InvestHistory
50,b'\x7fC\x1c\x9c\xe1\xae\x8f\x8d\xb6\x88\xf8\xecp;\x9a\x99',b'\x15M\x103S\xe6\xa0P\xa0\xea\xa4f\xfb\x12y\x95',"b'33""""\x11\x11\x11\xa1UUUUUUDD'","b'33""""\x11\x11\x11\xc1UUUUUUDD'",7,균형형,2000,150,160,100,0,0,KEEP,0,0,2025-06-05 22:36:37,2025-06-05 22:36:55,com.popoworld.backend.invest.entity.InvestHistory
51,b'\xf0M>\xad\x18~F\xac\x92\xdb&\xa3$+\xcb\xa5',b'\x11NO\xf1D\x90\xa8G\xcb\xc5\xce[t0\xcf\xb6',"b'33""""\x11\x11\x11\xa1UUUUUUDD'","b'33""""\x11\x11\x11\xc1UUUUUUDD'",1,장기 안정형,2000,0,100,100,0,0,KEEP,0,0,2025-06-05 22:37:07,2025-06-05 22:37:15,com.popoworld.backend.invest.entity.InvestHistory
52,b'\xd2Jk\x18\xcb/*\xff\xee2\x1d\xdd\x12\x83\xb3\xa9',b'\x11NO\xf1D\x90\xa8G\xcb\xc5\xce[t0\xcf\xb6',"b'33""""\x11\x11\x11\xa1UUUUUUDD'","b'33""""\x11\x11\x11\xc1UUUUUUDD'",1,고위험 고수익,2000,0,100,100,0,0,KEEP,0,0,2025-06-05 22:37:07,2025-06-05 22:37:15,com.popoworld.backend.invest.entity.InvestHistory
53,b'y@\x8d2\x93jI Z\\\xd3\x93dV\xba\x8c',b'\x11NO\xf1D\x90\xa8G\xcb\xc5\xce[t0\xcf\xb6',"b'33""""\x11\x11\x11\xa1UUUUUUDD'","b'33""""\x11\x11\x11\xc1UUUUUUDD'",1,균형형,2000,0,100,100,0,0,KEEP,0,0,2025-06-05 22:37:07,2025-06-05 22:37:15,com.popoworld.backend.invest.entity.InvestHistory
54,b'\x16N\xad\xe9\xb3\x0f\xb9\xac\x0cu\xdf\xf5y\xf2\xc9\x9e',b'\x11NO\xf1D\x90\xa8G\xcb\xc5\xce[t0\xcf\xb6',"b'33""""\x11\x11\x11\xa1UUUUUUDD'","b'33""""\x11\x11\x11\xc1UUUUUUDD'",2,고위험 고수익,2000,100,90,100,0,0,KEEP,0,0,2025-06-05 22:37:07,2025-06-05 22:37:17,com.popoworld.backend.invest.entity.InvestHistory
55,b'\xf2D\n\x91)^0\x92r\xaf\xba\xfc\x84\x18N\x96',b'\x11NO\xf1D\x90\xa8G\xcb\xc5\xce[t0\xcf\xb6',"b'33""""\x11\x11\x11\xa1UUUUUUDD'","b'33""""\x11\x11\x11\xc1UUUUUUDD'",2,균형형,2000,100,110,100,0,0,KEEP,0,0,2025-06-05 22:37:07,2025-06-05 22:37:17,com.popoworld.backend.invest.entity.InvestHistory
56,b'\xa6G\xea\x16\xb6\xf0\xbaR\\\x92c\xa6\x87\xe2i\x9e',b'\x11NO\xf1D\x90\xa8G\xcb\xc5\xce[t0\xcf\xb6',"b'33""""\x11\x11\x11\xa1UUUUUUDD'","b'33""""\x11\x11\x11\xc1UUUUUUDD'",2,장기 안정형,2000,100,95,100,0,0,KEEP,0,0,2025-06-05 22:37:07,2025-06-05 22:37:17,com.popoworld.backend.invest.entity.InvestHistory
57,b'\xecI\x80A\xc0L\x93\xca2\xbdXfgpA\xbf',b'\x11NO\xf1D\x90\xa8G\xcb\xc5\xce[t0\xcf\xb6',"b'33""""\x11\x11\x11\xa1UUUUUUDD'","b'33""""\x11\x11\x11\xc1UUUUUUDD'",3,장기 안정형,2000,95,105,100,0,0,KEEP,0,0,2025-06-05 22:37:07,2025-06-05 22:45:14,com.popoworld.backend.invest.entity.InvestHistory
58,b'\\I_X\x1a\xc9Y\xdc\x05\x89\xed\xa2\x82\xa9\x8d\xb8',b'\x11NO\xf1D\x90\xa8G\xcb\xc5\xce[t0\xcf\xb6',"b'33""""\x11\x11\x11\xa1UUUUUUDD'","b'33""""\x11\x11\x11\xc1UUUUUUDD'",3,고위험 고수익,2000,90,70,100,0,0,KEEP,0,0,2025-06-05 22:37:07,2025-06-05 22:45:14,com.popoworld.backend.invest.entity.InvestHistory
59,b'ENL\xfc\x9c\xe9<\xc9\x0eo\x86\xb86\xb8\xa7\x94',b'\x11NO\xf1D\x90\xa8G\xcb\xc5\xce[t0\xcf\xb6',"b'33""""\x11\x11\x11\xa1UUUUUUDD'","b'33""""\x11\x11\x11\xc1UUUUUUDD'",3,균형형,2000,110,120,100,0,0,KEEP,0,0,2025-06-05 22:37:07,2025-06-05 22:45:14,com.popoworld.backend.invest.entity.InvestHistory
60,"b'\x12C\x161Y\x1c\xa8\xd18\x17\x87\x8b\xaa\x00,\xbc'",b'\xd4C\xe8Mi\xea\xee\x85?\xf9\xed\xfc\xac\xc6N\xa7',"b'33""""\x11\x11\x11\xa1UUUUUUDD'","b'33""""\x11\x11\x11\xc1UUUUUUDD'",1,고위험 고수익,1200,0,100,100,0,0,KEEP,0,0,2025-06-06 08:43:13,2025-06-06 08:43:20,com.popoworld.backend.invest.entity.InvestHistory
61,"b'.J\xe2\xa9,\xbb8b\xc8sy\x17\xa7\xc3\xc4\x88'",b'\xd4C\xe8Mi\xea\xee\x85?\xf9\xed\xfc\xac\xc6N\xa7',"b'33""""\x11\x11\x11\xa1UUUUUUDD'","b'33""""\x11\x11\x11\xc1UUUUUUDD'",1,장기 안정형,1200,0,100,100,8,0,BUY,8,0,2025-06-06 08:43:13,2025-06-06 08:43:20,com.popoworld.backend.invest.entity.InvestHistory
62,"b',M\x9e\xb7\xfc)\xdd\x90\xeaf\x07`p\xb9\xae\x95'",b'\xd4C\xe8Mi\xea\xee\x85?\xf9\xed\xfc\xac\xc6N\xa7',"b'33""""\x11\x11\x11\xa1UUUUUUDD'","b'33""""\x11\x11\x11\xc1UUUUUUDD'",1,균형형,1200,0,100,100,0,0,KEEP,0,0,2025-06-06 08:43:13,2025-06-06 08:43:20,com.popoworld.backend.invest.entity.InvestHistory
63,b'\x10A\x97\xc7{\xe6\x08m\xa7\xe1=\xb6Q\x86\xa3\x94',b'\xd4C\xe8Mi\xea\xee\x85?\xf9\xed\xfc\xac\xc6N\xa7',"b'33""""\x11\x11\x11\xa1UUUUUUDD'","b'33""""\x11\x11\x11\xc1UUUUUUDD'",2,장기 안정형,100,100,95,100,8,0,KEEP,0,0,2025-06-06 08:43:13,2025-06-06 08:43:29,com.popoworld.backend.invest.entity.InvestHistory
64,b'\x9eE#|\xd0\xf1\xcb\xb6\xc1\xf4\x08KsDz\x92',b'\xd4C\xe8Mi\xea\xee\x85?\xf9\xed\xfc\xac\xc6N\xa7',"b'33""""\x11\x11\x11\xa1UUUUUUDD'","b'33""""\x11\x11\x11\xc1UUUUUUDD'",2,고위험 고수익,100,100,90,100,0,0,KEEP,0,0,2025-06-06 08:43:13,2025-06-06 08:43:29,com.popoworld.backend.invest.entity.InvestHistory
65,b'\xcdA\x89\xfa\xe5\xcfX\xcb\xaa\xb4G\x17*\x8e\x80\x86',b'\xd4C\xe8Mi\xea\xee\x85?\xf9\xed\xfc\xac\xc6N\xa7',"b'33""""\x11\x11\x11\xa1UUUUUUDD'","b'33""""\x11\x11\x11\xc1UUUUUUDD'",2,균형형,100,100,110,100,10,0,BUY,10,0,2025-06-06 08:43:13,2025-06-06 08:43:29,com.popoworld.backend.invest.entity.InvestHistory
66,b'\x1aO\xd5k{%\xf2[j\x11;h\x16r\xf9\xbd',b'\xd4C\xe8Mi\xea\xee\x85?\xf9\xed\xfc\xac\xc6N\xa7',"b'33""""\x11\x11\x11\xa1UUUUUUDD'","b'33""""\x11\x11\x11\xc1UUUUUUDD'",3,고위험 고수익,30,90,70,100,1,0,BUY,1,0,2025-06-06 08:43:13,2025-06-06 08:43:35,com.popoworld.backend.invest.entity.InvestHistory
67,b'\x95JnlV\xb3\x06\x02\xe84(\xb7`]\xf3\xba',b'\xd4C\xe8Mi\xea\xee\x85?\xf9\xed\xfc\xac\xc6N\xa7',"b'33""""\x11\x11\x11\xa1UUUUUUDD'","b'33""""\x11\x11\x11\xc1UUUUUUDD'",3,균형형,30,110,120,100,10,0,KEEP,0,0,2025-06-06 08:43:13,2025-06-06 08:43:35,com.popoworld.backend.invest.entity.InvestHistory
68,"b""\x98G\xde\xfd%\xa2\x84h\xb9'T\x86\x99\xa0.\xa4""",b'\xd4C\xe8Mi\xea\xee\x85?\xf9\xed\xfc\xac\xc6N\xa7',"b'33""""\x11\x11\x11\xa1UUUUUUDD'","b'33""""\x11\x11\x11\xc1UUUUUUDD'",3,장기 안정형,30,95,105,100,8,0,KEEP,0,0,2025-06-06 08:43:13,2025-06-06 08:43:35,com.popoworld.backend.invest.entity.InvestHistory
69,b'\x8fD\x8ex\xfd\x8d\xaa/\x14\x07+\x916\x9f\xd5\xa1',b'\xd4C\xe8Mi\xea\xee\x85?\xf9\xed\xfc\xac\xc6N\xa7',"b'33""""\x11\x11\x11\xa1UUUUUUDD'","b'33""""\x11\x11\x11\xc1UUUUUUDD'",4,균형형,1390,120,130,100,0,200,SELL,0,10,2025-06-06 08:43:13,2025-06-06 08:43:50,com.popoworld.backend.invest.entity.InvestHistory
70,"b'PE\rN\x98$\xdd3\x8d\xfe(\rm\xa4""\xb1'",b'\xd4C\xe8Mi\xea\xee\x85?\xf9\xed\xfc\xac\xc6N\xa7',"b'33""""\x11\x11\x11\xa1UUUUUUDD'","b'33""""\x11\x11\x11\xc1UUUUUUDD'",4,고위험 고수익,1390,70,60,100,0,-10,SELL,0,1,2025-06-06 08:43:13,2025-06-06 08:43:50,com.popoworld.backend.invest.entity.InvestHistory
71,b'bG\xad\x89\x07\xd8.\xce\x83\xbd\xf8\x06\x95\xaf\xa0\xb9',b'\xd4C\xe8Mi\xea\xee\x85?\xf9\xed\xfc\xac\xc6N\xa7',"b'33""""\x11\x11\x11\xa1UUUUUUDD'","b'33""""\x11\x11\x11\xc1UUUUUUDD'",4,장기 안정형,1390,105,100,100,8,0,KEEP,8,8,2025-06-06 08:43:13,2025-06-06 08:43:50,com.popoworld.backend.invest.entity.InvestHistory
72,b'.D\xa7\xa7<\x15\x15d\xba6\x97\x8a\xcb*!\x9c',b'\xd8O\xca\xe3\x85\xbb\xf9\xd8r\xd1I\x1am:\xf7\x81',"b'33""""\x11\x11\x11\xa1UUUUUUDD'","b'33""""\x11\x11\x11\xc1UUUUUUDD'",1,고위험 고수익,1900,0,100,100,0,0,KEEP,0,0,2025-06-06 08:45:37,2025-06-06 08:45:44,com.popoworld.backend.invest.entity.InvestHistory
73,b'\xe3L\xb3 \x04\xd3/ufL\x0c4JH4\x8f',b'\xd8O\xca\xe3\x85\xbb\xf9\xd8r\xd1I\x1am:\xf7\x81',"b'33""""\x11\x11\x11\xa1UUUUUUDD'","b'33""""\x11\x11\x11\xc1UUUUUUDD'",1,균형형,1900,0,100,100,1,0,BUY,1,0,2025-06-06 08:45:37,2025-06-06 08:45:44,com.popoworld.backend.invest.entity.InvestHistory
74,b'FK\x9e=\x07v\x8bN\x81\x97\xbb\xe5Xs\x0f\xad',b'\xd8O\xca\xe3\x85\xbb\xf9\xd8r\xd1I\x1am:\xf7\x81',"b'33""""\x11\x11\x11\xa1UUUUUUDD'","b'33""""\x11\x11\x11\xc1UUUUUUDD'",1,장기 안정형,1900,0,100,100,0,0,KEEP,0,0,2025-06-06 08:45:37,2025-06-06 08:45:44,com.popoworld.backend.invest.entity.InvestHistory
75,b'|A\xb8\x17\xa9\xf6oC\xfaT\x8b6Y\xc5{\xaf',b'\xd8O\xca\xe3\x85\xbb\xf9\xd8r\xd1I\x1am:\xf7\x81',"b'33""""\x11\x11\x11\xa1UUUUUUDD'","b'33""""\x11\x11\x11\xc1UUUUUUDD'",2,고위험 고수익,1915,100,90,100,0,0,KEEP,0,0,2025-06-06 08:45:37,2025-06-06 08:45:55,com.popoworld.backend.invest.entity.InvestHistory
76,b'wK@\xb5\xa7\xf52J\x1c_O\xab\xa5!\x8b\x96',b'\xd8O\xca\xe3\x85\xbb\xf9\xd8r\xd1I\x1am:\xf7\x81',"b'33""""\x11\x11\x11\xa1UUUUUUDD'","b'33""""\x11\x11\x11\xc1UUUUUUDD'",2,균형형,1915,100,110,100,0,10,SELL,0,1,2025-06-06 08:45:37,2025-06-06 08:45:55,com.popoworld.backend.invest.entity.InvestHistory
77,b'\xc0K\x01XM\x95\xb2!\x92X\x1aC2\xaa\xe5\xb7',b'\xd8O\xca\xe3\x85\xbb\xf9\xd8r\xd1I\x1am:\xf7\x81',"b'33""""\x11\x11\x11\xa1UUUUUUDD'","b'33""""\x11\x11\x11\xc1UUUUUUDD'",2,장기 안정형,1915,100,95,100,1,0,BUY,1,0,2025-06-06 08:45:37,2025-06-06 08:45:55,com.popoworld.backend.invest.entity.InvestHistory
78,b'\xa0E Bv\xfd\x11\x86\xd6\xa3K#}?\x9e\xa5',b'\xd8O\xca\xe3\x85\xbb\xf9\xd8r\xd1I\x1am:\xf7\x81',"b'33""""\x11\x11\x11\xa1UUUUUUDD'","b'33""""\x11\x11\x11\xc1UUUUUUDD'",3,고위험 고수익,2020,90,70,100,0,0,KEEP,0,0,2025-06-06 08:45:37,2025-06-06 08:45:58,com.popoworld.backend.invest.entity.InvestHistory
79,b'LM(\xf5G\xb3\xfb.N\x16\x9fq\xf3\x1a\xb1\xb3',b'\xd8O\xca\xe3\x85\xbb\xf9\xd8r\xd1I\x1am:\xf7\x81',"b'33""""\x11\x11\x11\xa1UUUUUUDD'","b'33""""\x11\x11\x11\xc1UUUUUUDD'",3,장기 안정형,2020,95,105,100,0,10,SELL,0,1,2025-06-06 08:45:37,2025-06-06 08:45:58,com.popoworld.backend.invest.entity.InvestHistory
80,b'\xfdC+\x87\xc3\xda\xc6\xf3\x82W\x06\xda\x9d\xc2\xa0\xa7',b'\xd8O\xca\xe3\x85\xbb\xf9\xd8r\xd1I\x1am:\xf7\x81',"b'33""""\x11\x11\x11\xa1UUUUUUDD'","b'33""""\x11\x11\x11\xc1UUUUUUDD'",3,균형형,2020,110,120,100,0,0,KEEP,0,0,2025-06-06 08:45:37,2025-06-06 08:45:58,com.popoworld.backend.invest.entity.InvestHistory
81,b'\xa9G\xb4\xd4\xc5\n\xb4\xc9\xbb\xba\x90#\xf5\xa2y\x84',b'\xd8O\xca\xe3\x85\xbb\xf9\xd8r\xd1I\x1am:\xf7\x81',"b'33""""\x11\x11\x11\xa1UUUUUUDD'","b'33""""\x11\x11\x11\xc1UUUUUUDD'",4,균형형,1890,120,130,100,1,0,BUY,4,3,2025-06-06 08:45:37,2025-06-06 08:47:28,com.popoworld.backend.invest.entity.InvestHistory
82,b'\xeeO1\xceN\xdc\xe1\x82\xde\x82\xe1V\xbd\xe1\xff\x96',b'\xd8O\xca\xe3\x85\xbb\xf9\xd8r\xd1I\x1am:\xf7\x81',"b'33""""\x11\x11\x11\xa1UUUUUUDD'","b'33""""\x11\x11\x11\xc1UUUUUUDD'",4,고위험 고수익,1890,70,60,100,0,0,KEEP,0,0,2025-06-06 08:45:37,2025-06-06 08:47:28,com.popoworld.backend.invest.entity.InvestHistory
83,b'\x11F\tblh=\xb1w\xfb\x1ec\xf4\xdem\xb3',b'\xd8O\xca\xe3\x85\xbb\xf9\xd8r\xd1I\x1am:\xf7\x81',"b'33""""\x11\x11\x11\xa1UUUUUUDD'","b'33""""\x11\x11\x11\xc1UUUUUUDD'",4,장기 안정형,1890,105,100,100,0,0,KEEP,0,0,2025-06-06 08:45:37,2025-06-06 08:47:28,com.popoworld.backend.invest.entity.InvestHistory
84,b' GX\xa3\xe77_!\xc3\x9eV\xa8\xcfr4\x8e',b'\xd8O\xca\xe3\x85\xbb\xf9\xd8r\xd1I\x1am:\xf7\x81',"b'33""""\x11\x11\x11\xa1UUUUUUDD'","b'33""""\x11\x11\x11\xc1UUUUUUDD'",5,장기 안정형,1415,100,95,100,5,0,BUY,16,11,2025-06-06 08:45:37,2025-06-06 08:49:50,com.popoworld.backend.invest.entity.InvestHistory
85,"b'\x00G\xe5M;\x9b\xa0""\xcb[P\xdf]\xfd>\xb7'",b'\xd8O\xca\xe3\x85\xbb\xf9\xd8r\xd1I\x1am:\xf7\x81',"b'33""""\x11\x11\x11\xa1UUUUUUDD'","b'33""""\x11\x11\x11\xc1UUUUUUDD'",5,균형형,1415,130,140,100,1,0,KEEP,0,0,2025-06-06 08:45:37,2025-06-06 08:49:50,com.popoworld.backend.invest.entity.InvestHistory
86,b'\x90N\x9c%\xe0a\x98\xe3\x83Qb\xbe\x06_\x17\xab',b'\xd8O\xca\xe3\x85\xbb\xf9\xd8r\xd1I\x1am:\xf7\x81',"b'33""""\x11\x11\x11\xa1UUUUUUDD'","b'33""""\x11\x11\x11\xc1UUUUUUDD'",5,고위험 고수익,1415,60,50,100,0,0,KEEP,0,0,2025-06-06 08:45:37,2025-06-06 08:49:50,com.popoworld.backend.invest.entity.InvestHistory
87,b'\xfeA\xa88\x01\xa4\xd0\xce\xfb\x95\x956\x8d\xc7\x19\x87',b'\xe2A\x04\x1c%N\xdey\xf1\xc0\xdd\xc2/\xbb\xaa\xbd',"b'33""""\x11\x11\x11\xa1UUUUUUDD'","b'33""""\x11\x11\x11\xc1UUUUUUDD'",1,장기 안정형,1800,0,100,100,2,0,BUY,2,0,2025-06-06 08:49:54,2025-06-06 08:49:57,com.popoworld.backend.invest.entity.InvestHistory
88,b'a@m(\xaaL4xi\x1ap4\x86\xf3\xb4\x9a',b'\xe2A\x04\x1c%N\xdey\xf1\xc0\xdd\xc2/\xbb\xaa\xbd',"b'33""""\x11\x11\x11\xa1UUUUUUDD'","b'33""""\x11\x11\x11\xc1UUUUUUDD'",1,고위험 고수익,1800,0,100,100,0,0,KEEP,0,0,2025-06-06 08:49:54,2025-06-06 08:49:57,com.popoworld.backend.invest.entity.InvestHistory
89,b'8G4)b*\xa9\x84p\xc2p\xd8\xdb\x9fB\x91',b'\xe2A\x04\x1c%N\xdey\xf1\xc0\xdd\xc2/\xbb\xaa\xbd',"b'33""""\x11\x11\x11\xa1UUUUUUDD'","b'33""""\x11\x11\x11\xc1UUUUUUDD'",1,균형형,1800,0,100,100,0,0,KEEP,0,0,2025-06-06 08:49:54,2025-06-06 08:49:57,com.popoworld.backend.invest.entity.InvestHistory
90,"b""\x10Ho'\x80\\\x92b\xbe'\x1f\xcasqV\xa0""",b'\xe2A\x04\x1c%N\xdey\xf1\xc0\xdd\xc2/\xbb\xaa\xbd',"b'33""""\x11\x11\x11\xa1UUUUUUDD'","b'33""""\x11\x11\x11\xc1UUUUUUDD'",2,고위험 고수익,1400,100,90,100,2,0,BUY,2,0,2025-06-06 08:49:54,2025-06-06 08:50:05,com.popoworld.backend.invest.entity.InvestHistory
91,b'\xd6I\x1eZ\xc5\xdb\x0b<\x8a\xfaXT\xa0w\xcc\xb7',b'\xe2A\x04\x1c%N\xdey\xf1\xc0\xdd\xc2/\xbb\xaa\xbd',"b'33""""\x11\x11\x11\xa1UUUUUUDD'","b'33""""\x11\x11\x11\xc1UUUUUUDD'",2,균형형,1400,100,110,100,2,0,BUY,2,0,2025-06-06 08:49:54,2025-06-06 08:50:05,com.popoworld.backend.invest.entity.InvestHistory
92,b'tB\xe7\xb8\xa3}\x15\xb9J!\xf2]\xc0\xaek\xad',b'\xe2A\x04\x1c%N\xdey\xf1\xc0\xdd\xc2/\xbb\xaa\xbd',"b'33""""\x11\x11\x11\xa1UUUUUUDD'","b'33""""\x11\x11\x11\xc1UUUUUUDD'",2,장기 안정형,1400,100,95,100,2,0,KEEP,0,0,2025-06-06 08:49:54,2025-06-06 08:50:05,com.popoworld.backend.invest.entity.InvestHistory
93,b'\xecB9\x1f\xa9n\xc3]\x9e\x9f\x08\xce\xacW\x08\x81',b'\xcbM:\x06K\xa5\r\x0f\xd2\xc2\xe8\xfau\xea\xaa\xaf',"b'33""""\x11\x11\x11\xa1UUUUUUDD'","b'33""""\x11\x11\x11\xc1UUUUUUDD'",1,고위험 고수익,1600,0,100,100,0,0,KEEP,0,0,2025-06-06 08:50:32,2025-06-06 08:50:43,com.popoworld.backend.invest.entity.InvestHistory
94,b'FC\x97\x98;\x8cU\xc8F\xcb9\xec\x1b\xf3u\x8b',b'\xcbM:\x06K\xa5\r\x0f\xd2\xc2\xe8\xfau\xea\xaa\xaf',"b'33""""\x11\x11\x11\xa1UUUUUUDD'","b'33""""\x11\x11\x11\xc1UUUUUUDD'",1,장기 안정형,1600,0,100,100,2,0,BUY,2,0,2025-06-06 08:50:32,2025-06-06 08:50:43,com.popoworld.backend.invest.entity.InvestHistory
95,b'\x86I\xe9\xe8z\x16\xc1\xa3\x91X\xb4\x81\x7fc\x83\x8a',b'\xcbM:\x06K\xa5\r\x0f\xd2\xc2\xe8\xfau\xea\xaa\xaf',"b'33""""\x11\x11\x11\xa1UUUUUUDD'","b'33""""\x11\x11\x11\xc1UUUUUUDD'",1,균형형,1600,0,100,100,2,0,BUY,2,0,2025-06-06 08:50:32,2025-06-06 08:50:43,com.popoworld.backend.invest.entity.InvestHistory
96,b'\xfc@\x08\xb6\x96\x1d\xc0\xb1\xb0\x90\xa3z\x97Mi\x95',b'\xb0D\xf9s\xe4_-\x97\xb2\xb9WNyOa\xa5',"b'33""""\x11\x11\x11\xa1UUUUUUDD'","b'33""""\x11\x11\x11\xc1UUUUUUDD'",1,고위험 고수익,1400,0,100,100,2,0,BUY,2,0,2025-06-06 08:50:48,2025-06-06 08:50:58,com.popoworld.backend.invest.entity.InvestHistory
97,b'\x0f@~\x12\xe14F\xb6\xbb\xaa5 9jq\x84',b'\xb0D\xf9s\xe4_-\x97\xb2\xb9WNyOa\xa5',"b'33""""\x11\x11\x11\xa1UUUUUUDD'","b'33""""\x11\x11\x11\xc1UUUUUUDD'",1,균형형,1400,0,100,100,2,0,BUY,2,0,2025-06-06 08:50:48,2025-06-06 08:50:58,com.popoworld.backend.invest.entity.InvestHistory
98,b'\xfcH\x01LH\x80iKJt\x7fF{\x9b\xb0\x9d',b'\xb0D\xf9s\xe4_-\x97\xb2\xb9WNyOa\xa5',"b'33""""\x11\x11\x11\xa1UUUUUUDD'","b'33""""\x11\x11\x11\xc1UUUUUUDD'",1,장기 안정형,1400,0,100,100,2,0,BUY,2,0,2025-06-06 08:50:48,2025-06-06 08:50:58,com.popoworld.backend.invest.entity.InvestHistory
99,"b""\xb9G'\xfb\xd1'\xe3\x95\x91z\xeb\xcb\xd3Z\x82\x8d""",b'\xdcN?!4y\xbd\xed\xeb\xdd&\xc9\xa2S\xa7\x91',"b'33""""\x11\x11\x11\xa1UUUUUUDD'","b'33""""\x11\x11\x11\xc1UUUUUUDD'",1,균형형,1400,0,100,100,2,0,BUY,2,0,2025-06-06 08:51:05,2025-06-06 08:51:10,com.popoworld.backend.invest.entity.InvestHistory
100,b']@\xeb\x12c\xd7\xf4\x15\x9d\xc6\x88f\xa2Df\xa4',b'\xdcN?!4y\xbd\xed\xeb\xdd&\xc9\xa2S\xa7\x91',"b'33""""\x11\x11\x11\xa1UUUUUUDD'","b'33""""\x11\x11\x11\xc1UUUUUUDD'",1,장기 안정형,1400,0,100,100,2,0,BUY,2,0,2025-06-06 08:51:05,2025-06-06 08:51:10,com.popoworld.backend.invest.entity.InvestHistory
101,b'(I&\x9as\xa2\xd9\xf7\x1a\x10j[ u\xbe\x8d',b'\xdcN?!4y\xbd\xed\xeb\xdd&\xc9\xa2S\xa7\x91',"b'33""""\x11\x11\x11\xa1UUUUUUDD'","b'33""""\x11\x11\x11\xc1UUUUUUDD'",1,고위험 고수익,1400,0,100,100,2,0,BUY,2,0,2025-06-06 08:51:05,2025-06-06 08:51:10,com.popoworld.backend.invest.entity.InvestHistory
102,b'sINL\x1b\xe0\xed\x02\xad\x08N\xba\xee\xfa\xf1\xb9',b'\xdcN?!4y\xbd\xed\xeb\xdd&\xc9\xa2S\xa7\x91',"b'33""""\x11\x11\x11\xa1UUUUUUDD'","b'33""""\x11\x11\x11\xc1UUUUUUDD'",2,균형형,1700,100,110,100,1,10,SELL,1,2,2025-06-06 08:51:05,2025-06-06 08:51:18,com.popoworld.backend.invest.entity.InvestHistory
103,b'\xb4J\x8b\x9aG\x97\x07\xb0\x81\xd1\x84\xa67H\x08\x9f',b'\xdcN?!4y\xbd\xed\xeb\xdd&\xc9\xa2S\xa7\x91',"b'33""""\x11\x11\x11\xa1UUUUUUDD'","b'33""""\x11\x11\x11\xc1UUUUUUDD'",2,장기 안정형,1700,100,95,100,0,-10,SELL,1,3,2025-06-06 08:51:05,2025-06-06 08:51:18,com.popoworld.backend.invest.entity.InvestHistory
104,b'\xbdJ\x88s7\xadlF\x85\xd2\x88v\x1e \xf0\xbb',b'\xdcN?!4y\xbd\xed\xeb\xdd&\xc9\xa2S\xa7\x91',"b'33""""\x11\x11\x11\xa1UUUUUUDD'","b'33""""\x11\x11\x11\xc1UUUUUUDD'",2,고위험 고수익,1700,100,90,100,2,0,KEEP,2,2,2025-06-06 08:51:05,2025-06-06 08:51:18,com.popoworld.backend.invest.entity.InvestHistory
105,"b""\x18O\x00\x9e\xd8\n'#\t\n\t\xa9\n\xf7\xd4\xad""",b'\x8bK\x83\xbe\xb0\xaa\xca\xbb4T2\xacZZw\x82',"b'33""""\x11\x11\x11\xa1UUUUUUDD'","b'33""""\x11\x11\x11\xc1UUUUUUDD'",1,장기 안정형,1400,0,100,100,2,0,BUY,2,0,2025-06-06 08:51:29,2025-06-06 08:51:34,com.popoworld.backend.invest.entity.InvestHistory
106,"b'.C\x9d\xed)\xb5\xac\x19\xb5,H7+R\xf5\x8f'",b'\x8bK\x83\xbe\xb0\xaa\xca\xbb4T2\xacZZw\x82',"b'33""""\x11\x11\x11\xa1UUUUUUDD'","b'33""""\x11\x11\x11\xc1UUUUUUDD'",1,균형형,1400,0,100,100,2,0,BUY,2,0,2025-06-06 08:51:29,2025-06-06 08:51:34,com.popoworld.backend.invest.entity.InvestHistory
107,b'\xc2I\xf3\x00\x16o{\xe8\xad\x96\xdf\xd9\x1e\xe1}\xb7',b'\x8bK\x83\xbe\xb0\xaa\xca\xbb4T2\xacZZw\x82',"b'33""""\x11\x11\x11\xa1UUUUUUDD'","b'33""""\x11\x11\x11\xc1UUUUUUDD'",1,고위험 고수익,1400,0,100,100,2,0,BUY,2,0,2025-06-06 08:51:29,2025-06-06 08:51:34,com.popoworld.backend.invest.entity.InvestHistory
108,"b'PK&\x80\xa8\xcdI$<(\xc8\x86\xf5j,\x8b'",b'\x8bK\x83\xbe\xb0\xaa\xca\xbb4T2\xacZZw\x82',"b'33""""\x11\x11\x11\xa1UUUUUUDD'","b'33""""\x11\x11\x11\xc1UUUUUUDD'",2,균형형,1700,100,110,100,1,10,SELL,0,1,2025-06-06 08:51:29,2025-06-06 09:02:26,com.popoworld.backend.invest.entity.InvestHistory
109,b'sDmy\xb1\xa1gE\xa7\x8cY<\x96\xbbi\x83',b'\x8bK\x83\xbe\xb0\xaa\xca\xbb4T2\xacZZw\x82',"b'33""""\x11\x11\x11\xa1UUUUUUDD'","b'33""""\x11\x11\x11\xc1UUUUUUDD'",2,고위험 고수익,1700,100,90,100,2,0,KEEP,0,0,2025-06-06 08:51:29,2025-06-06 09:02:26,com.popoworld.backend.invest.entity.InvestHistory
110,b'\x9eN\x9d\xd6\x893\x16\x8f\x08i}x\x9d\xa0\x9a\x9e',b'\x8bK\x83\xbe\xb0\xaa\xca\xbb4T2\xacZZw\x82',"b'33""""\x11\x11\x11\xa1UUUUUUDD'","b'33""""\x11\x11\x11\xc1UUUUUUDD'",2,장기 안정형,1700,100,95,100,0,-10,SELL,0,2,2025-06-06 08:51:29,2025-06-06 09:02:26,com.popoworld.backend.invest.entity.InvestHistory
111,b'\xd5O\xf4\xce7qv\xd9\xfa\xe8\\\x97=\x98\x05\xbb',b'NLa\x97\xa2\xe5E\xf6q\x89\xcepzg:\x9b',"b'33""""\x11\x11\x11\xa1UUUUUUDD'","b'33""""\x11\x11\x11\xc1UUUUUUDD'",1,고위험 고수익,1400,0,100,100,2,0,BUY,2,0,2025-06-06 09:02:30,2025-06-06 09:02:41,com.popoworld.backend.invest.entity.InvestHistory
112,"b'\xcaK\xb4\x1c2j\x02,w\xe8pW\x0bUl\xb9'",b'NLa\x97\xa2\xe5E\xf6q\x89\xcepzg:\x9b',"b'33""""\x11\x11\x11\xa1UUUUUUDD'","b'33""""\x11\x11\x11\xc1UUUUUUDD'",1,장기 안정형,1400,0,100,100,2,0,BUY,2,0,2025-06-06 09:02:30,2025-06-06 09:02:41,com.popoworld.backend.invest.entity.InvestHistory
113,b'\x8aC\xddi\xcd\xb3k\xd90\xa7\xb40\xa6\xe1;\xad',b'NLa\x97\xa2\xe5E\xf6q\x89\xcepzg:\x9b',"b'33""""\x11\x11\x11\xa1UUUUUUDD'","b'33""""\x11\x11\x11\xc1UUUUUUDD'",1,균형형,1400,0,100,100,2,0,BUY,2,0,2025-06-06 09:02:30,2025-06-06 09:02:41,com.popoworld.backend.invest.entity.InvestHistory
114,b'8O b\xf1%Q\xd7e1w\x90\x18\xf3I\xa3',b'NLa\x97\xa2\xe5E\xf6q\x89\xcepzg:\x9b',"b'33""""\x11\x11\x11\xa1UUUUUUDD'","b'33""""\x11\x11\x11\xc1UUUUUUDD'",2,고위험 고수익,1700,100,90,100,2,0,KEEP,0,0,2025-06-06 09:02:30,2025-06-06 09:08:18,com.popoworld.backend.invest.entity.InvestHistory
115,b'\xdaK\x1a\xf8b\xbey\x9c5\xd2\xcd\x94!\xffy\x8e',b'NLa\x97\xa2\xe5E\xf6q\x89\xcepzg:\x9b',"b'33""""\x11\x11\x11\xa1UUUUUUDD'","b'33""""\x11\x11\x11\xc1UUUUUUDD'",2,균형형,1700,100,110,100,1,10,SELL,0,1,2025-06-06 09:02:30,2025-06-06 09:08:18,com.popoworld.backend.invest.entity.InvestHistory
116,b'\xd8@\xeb\xa6\nnn\x90_H\x06A:\x9bq\xaf',b'NLa\x97\xa2\xe5E\xf6q\x89\xcepzg:\x9b',"b'33""""\x11\x11\x11\xa1UUUUUUDD'","b'33""""\x11\x11\x11\xc1UUUUUUDD'",2,장기 안정형,1700,100,95,100,0,-10,SELL,0,2,2025-06-06 09:02:30,2025-06-06 09:08:18,com.popoworld.backend.invest.entity.InvestHistory
117,b'\xbaM\xd4*\xe7\xd2[\x84\xa4\x17\x92\x03\x1e\xf2\r\xbc',b'I@\xda\xdcr\xc6m\xa5%~\x81\xca\xaa\x83\xe8\xb7',"b'33""""\x11\x11\x11\xa1UUUUUUDD'","b'33""""\x11\x11\x11\xc1UUUUUUDD'",1,균형형,1400,0,100,100,2,0,BUY,2,0,2025-06-06 09:08:24,2025-06-06 09:08:28,com.popoworld.backend.invest.entity.InvestHistory
118,b'xO\xea\xfd\xe90L\x83\x91e\x86\x13\x88\x83\xe5\xab',b'I@\xda\xdcr\xc6m\xa5%~\x81\xca\xaa\x83\xe8\xb7',"b'33""""\x11\x11\x11\xa1UUUUUUDD'","b'33""""\x11\x11\x11\xc1UUUUUUDD'",1,장기 안정형,1400,0,100,100,2,0,BUY,2,0,2025-06-06 09:08:24,2025-06-06 09:08:28,com.popoworld.backend.invest.entity.InvestHistory
119,b'\xe5B)|\xbdz\xeb<\x1aB\xbb\xa2GT\xa8\xb6',b'I@\xda\xdcr\xc6m\xa5%~\x81\xca\xaa\x83\xe8\xb7',"b'33""""\x11\x11\x11\xa1UUUUUUDD'","b'33""""\x11\x11\x11\xc1UUUUUUDD'",1,고위험 고수익,1400,0,100,100,2,0,BUY,2,0,2025-06-06 09:08:24,2025-06-06 09:08:28,com.popoworld.backend.invest.entity.InvestHistory
120,b'JG4\xfc\xfdOC\xcbH\xaaI\xc4\x8e\xa1\x83\xa2',b'I@\xda\xdcr\xc6m\xa5%~\x81\xca\xaa\x83\xe8\xb7',"b'33""""\x11\x11\x11\xa1UUUUUUDD'","b'33""""\x11\x11\x11\xc1UUUUUUDD'",2,장기 안정형,1700,100,95,100,0,-10,SELL,0,2,2025-06-06 09:08:24,2025-06-06 09:08:30,com.popoworld.backend.invest.entity.InvestHistory
121,b'\xc9L\xf2d\xda!\xd9$fn\xcfQi0\x8b\x89',b'I@\xda\xdcr\xc6m\xa5%~\x81\xca\xaa\x83\xe8\xb7',"b'33""""\x11\x11\x11\xa1UUUUUUDD'","b'33""""\x11\x11\x11\xc1UUUUUUDD'",2,균형형,1700,100,110,100,1,10,SELL,0,1,2025-06-06 09:08:24,2025-06-06 09:08:30,com.popoworld.backend.invest.entity.InvestHistory
122,b'\x9cHo\xb4\x1b(B\x81\xb7\x0b\xce\x11\x89qR\xb5',b'I@\xda\xdcr\xc6m\xa5%~\x81\xca\xaa\x83\xe8\xb7',"b'33""""\x11\x11\x11\xa1UUUUUUDD'","b'33""""\x11\x11\x11\xc1UUUUUUDD'",2,고위험 고수익,1700,100,90,100,2,0,KEEP,0,0,2025-06-06 09:08:24,2025-06-06 09:08:30,com.popoworld.backend.invest.entity.InvestHistory
123,b'\xadMa\xc4\xc3\x95\xed\xda\xf8\\Qi2\x12P\x9e',b'I@\xda\xdcr\xc6m\xa5%~\x81\xca\xaa\x83\xe8\xb7',"b'33""""\x11\x11\x11\xa1UUUUUUDD'","b'33""""\x11\x11\x11\xc1UUUUUUDD'",3,장기 안정형,430,95,105,100,10,0,BUY,10,0,2025-06-06 09:08:24,2025-06-06 09:08:37,com.popoworld.backend.invest.entity.InvestHistory
124,"b'\xb7@\xcd\x9b\xaf\xee\xe0\x83N""L3Y\x8c\xf3\x97'",b'I@\xda\xdcr\xc6m\xa5%~\x81\xca\xaa\x83\xe8\xb7',"b'33""""\x11\x11\x11\xa1UUUUUUDD'","b'33""""\x11\x11\x11\xc1UUUUUUDD'",3,균형형,430,110,120,100,4,0,BUY,4,1,2025-06-06 09:08:24,2025-06-06 09:08:37,com.popoworld.backend.invest.entity.InvestHistory
125,b'\xe0E>\x1cPV\xf0\xd9\x9cE\x947\x0e\xd5W\x81',b'I@\xda\xdcr\xc6m\xa5%~\x81\xca\xaa\x83\xe8\xb7',"b'33""""\x11\x11\x11\xa1UUUUUUDD'","b'33""""\x11\x11\x11\xc1UUUUUUDD'",3,고위험 고수익,430,90,70,100,0,-60,SELL,0,2,2025-06-06 09:08:24,2025-06-06 09:08:37,com.popoworld.backend.invest.entity.InvestHistory
126,b'|J}\xcf\xe1\x7f\x16x\x06\x9c[\xe1\x85L\x10\x82',b'I@\xda\xdcr\xc6m\xa5%~\x81\xca\xaa\x83\xe8\xb7',"b'33""""\x11\x11\x11\xa1UUUUUUDD'","b'33""""\x11\x11\x11\xc1UUUUUUDD'",4,균형형,430,120,130,100,4,0,KEEP,0,0,2025-06-06 09:08:24,2025-06-06 09:08:38,com.popoworld.backend.invest.entity.InvestHistory
127,b'xG\xb6`\xadl\x14;\x8b\xbb\x17\x919\xd5\xd9\x84',b'I@\xda\xdcr\xc6m\xa5%~\x81\xca\xaa\x83\xe8\xb7',"b'33""""\x11\x11\x11\xa1UUUUUUDD'","b'33""""\x11\x11\x11\xc1UUUUUUDD'",4,고위험 고수익,430,70,60,100,0,0,KEEP,0,0,2025-06-06 09:08:24,2025-06-06 09:08:38,com.popoworld.backend.invest.entity.InvestHistory
128,b'2A\xe0\xf7)\xca\xb1\x14\xfe\xe2\xc2\xbdc\xce\xb9\xac',b'I@\xda\xdcr\xc6m\xa5%~\x81\xca\xaa\x83\xe8\xb7',"b'33""""\x11\x11\x11\xa1UUUUUUDD'","b'33""""\x11\x11\x11\xc1UUUUUUDD'",4,장기 안정형,430,105,100,100,10,0,KEEP,0,0,2025-06-06 09:08:24,2025-06-06 09:08:38,com.popoworld.backend.invest.entity.InvestHistory
129,b'\xec@\xaa\n\x9e.\x97F\xdc\xb9WH\xf3\x13\xb7\xb4',b'I@\xda\xdcr\xc6m\xa5%~\x81\xca\xaa\x83\xe8\xb7',"b'33""""\x11\x11\x11\xa1UUUUUUDD'","b'33""""\x11\x11\x11\xc1UUUUUUDD'",5,장기 안정형,430,100,95,100,10,0,KEEP,0,0,2025-06-06 09:08:24,2025-06-06 09:08:39,com.popoworld.backend.invest.entity.InvestHistory
130,b'\x99L\xf8\x05\x07\xb5\n#P\xbe\x06a\x8cD\xb7\x85',b'I@\xda\xdcr\xc6m\xa5%~\x81\xca\xaa\x83\xe8\xb7',"b'33""""\x11\x11\x11\xa1UUUUUUDD'","b'33""""\x11\x11\x11\xc1UUUUUUDD'",5,고위험 고수익,430,60,50,100,0,0,KEEP,0,0,2025-06-06 09:08:24,2025-06-06 09:08:39,com.popoworld.backend.invest.entity.InvestHistory
131,b'GM\xaa\xc9\x07\x06\xff\x96R\xd9[\xcb\x92Q\xd2\xbe',b'I@\xda\xdcr\xc6m\xa5%~\x81\xca\xaa\x83\xe8\xb7',"b'33""""\x11\x11\x11\xa1UUUUUUDD'","b'33""""\x11\x11\x11\xc1UUUUUUDD'",5,균형형,430,130,140,100,4,0,KEEP,0,0,2025-06-06 09:08:24,2025-06-06 09:08:39,com.popoworld.backend.invest.entity.InvestHistory
132,b'}I\x94\xd2%\xb4!\xdc\xac\xe4\x85w^72\xb7',b'I@\xda\xdcr\xc6m\xa5%~\x81\xca\xaa\x83\xe8\xb7',"b'33""""\x11\x11\x11\xa1UUUUUUDD'","b'33""""\x11\x11\x11\xc1UUUUUUDD'",6,고위험 고수익,430,50,40,100,0,0,KEEP,0,0,2025-06-06 09:08:24,2025-06-06 09:08:40,com.popoworld.backend.invest.entity.InvestHistory
133,b'=L\xc2=7\x8a\x19\xfa\xf9\x86\n\x823\x8c\xa0\x93',b'I@\xda\xdcr\xc6m\xa5%~\x81\xca\xaa\x83\xe8\xb7',"b'33""""\x11\x11\x11\xa1UUUUUUDD'","b'33""""\x11\x11\x11\xc1UUUUUUDD'",6,균형형,430,140,150,100,4,0,KEEP,0,0,2025-06-06 09:08:24,2025-06-06 09:08:40,com.popoworld.backend.invest.entity.InvestHistory
134,b'\x91H-\x8e\xbf\xdd\xd4\xaf\xe7\x1a(\xc5l\x95\xa9\x86',b'I@\xda\xdcr\xc6m\xa5%~\x81\xca\xaa\x83\xe8\xb7',"b'33""""\x11\x11\x11\xa1UUUUUUDD'","b'33""""\x11\x11\x11\xc1UUUUUUDD'",6,장기 안정형,430,95,90,100,10,0,KEEP,0,0,2025-06-06 09:08:24,2025-06-06 09:08:40,com.popoworld.backend.invest.entity.InvestHistory
135,b'^DT%\x92\xb4\xe0$\xd9\x8e\x9e\xd1\x91\xed\xdf\x8d',b'I@\xda\xdcr\xc6m\xa5%~\x81\xca\xaa\x83\xe8\xb7',"b'33""""\x11\x11\x11\xa1UUUUUUDD'","b'33""""\x11\x11\x11\xc1UUUUUUDD'",7,고위험 고수익,430,40,30,100,0,0,KEEP,0,0,2025-06-06 09:08:24,2025-06-06 09:08:40,com.popoworld.backend.invest.entity.InvestHistory
136,b'\xcbF\xb8\x0c&\x9b{\xd5\xe2ZI\x9a/e\xb8\x8d',b'I@\xda\xdcr\xc6m\xa5%~\x81\xca\xaa\x83\xe8\xb7',"b'33""""\x11\x11\x11\xa1UUUUUUDD'","b'33""""\x11\x11\x11\xc1UUUUUUDD'",7,장기 안정형,430,90,85,100,10,0,KEEP,0,0,2025-06-06 09:08:24,2025-06-06 09:08:40,com.popoworld.backend.invest.entity.InvestHistory
137,"b'/J\x96A-\xc2^u\x98\xe4\x13\xdb(""?\xae'",b'I@\xda\xdcr\xc6m\xa5%~\x81\xca\xaa\x83\xe8\xb7',"b'33""""\x11\x11\x11\xa1UUUUUUDD'","b'33""""\x11\x11\x11\xc1UUUUUUDD'",7,균형형,430,150,160,100,4,0,KEEP,0,0,2025-06-06 09:08:24,2025-06-06 09:08:40,com.popoworld.backend.invest.entity.InvestHistory
138,b'HCs\x8c\x00\x83\xaf\xe5\xf0G\xeeD\xe0\xf2\xe2\xac',b'cL\x12~\xef\xd6O~\xc0\x926\xbcB \xa4\x80',"b'33""""\x11\x11\x11\xa1UUUUUUDD'","b'33""""\x11\x11\x11\xc1UUUUUUDD'",1,균형형,1500,0,100,100,0,0,KEEP,0,0,2025-06-06 09:08:51,2025-06-06 09:08:52,com.popoworld.backend.invest.entity.InvestHistory
139,b'xO\x0c\x0c\x11j~\x95;\n};\xdb\x97K\xb2',b'cL\x12~\xef\xd6O~\xc0\x926\xbcB \xa4\x80',"b'33""""\x11\x11\x11\xa1UUUUUUDD'","b'33""""\x11\x11\x11\xc1UUUUUUDD'",1,장기 안정형,1500,0,100,100,5,0,BUY,5,0,2025-06-06 09:08:51,2025-06-06 09:08:52,com.popoworld.backend.invest.entity.InvestHistory
140,b'SD/AX\x9e\xb5{\xf1Z\xf9\x19e\xefA\x84',b'cL\x12~\xef\xd6O~\xc0\x926\xbcB \xa4\x80',"b'33""""\x11\x11\x11\xa1UUUUUUDD'","b'33""""\x11\x11\x11\xc1UUUUUUDD'",1,고위험 고수익,1500,0,100,100,0,0,KEEP,0,0,2025-06-06 09:08:51,2025-06-06 09:08:52,com.popoworld.backend.invest.entity.InvestHistory
141,b'\xfbM\x08\xcf#\xf9\r\xc8\x03\xe1<\xe4\r\x9d\xd1\xa1',b'cL\x12~\xef\xd6O~\xc0\x926\xbcB \xa4\x80',"b'33""""\x11\x11\x11\xa1UUUUUUDD'","b'33""""\x11\x11\x11\xc1UUUUUUDD'",2,장기 안정형,1500,100,95,100,5,0,KEEP,0,0,2025-06-06 09:08:51,2025-06-06 09:08:53,com.popoworld.backend.invest.entity.InvestHistory
142,b'\xbcK\xddK\x8a@\x0e\x1f\xd7\x01\x01\x1b7K\xed\xa4',b'cL\x12~\xef\xd6O~\xc0\x926\xbcB \xa4\x80',"b'33""""\x11\x11\x11\xa1UUUUUUDD'","b'33""""\x11\x11\x11\xc1UUUUUUDD'",2,고위험 고수익,1500,100,90,100,0,0,KEEP,0,0,2025-06-06 09:08:51,2025-06-06 09:08:53,com.popoworld.backend.invest.entity.InvestHistory
143,b'\x81J*\xaa\x91\xcf\xf0\x94Mz Aj\xc0f\x98',b'cL\x12~\xef\xd6O~\xc0\x926\xbcB \xa4\x80',"b'33""""\x11\x11\x11\xa1UUUUUUDD'","b'33""""\x11\x11\x11\xc1UUUUUUDD'",2,균형형,1500,100,110,100,0,0,KEEP,0,0,2025-06-06 09:08:51,2025-06-06 09:08:53,com.popoworld.backend.invest.entity.InvestHistory
144,b'\x1bH=\x94Y\xb5\x05&Q}\x0b\x9f\xe7]+\xba',b'cL\x12~\xef\xd6O~\xc0\x926\xbcB \xa4\x80',"b'33""""\x11\x11\x11\xa1UUUUUUDD'","b'33""""\x11\x11\x11\xc1UUUUUUDD'",3,장기 안정형,1500,95,105,100,5,0,KEEP,0,0,2025-06-06 09:08:51,2025-06-06 09:08:54,com.popoworld.backend.invest.entity.InvestHistory
145,b'\xa3A\x92w\xe9\x15!WJ\x1d\xff\xeanJx\x9e',b'cL\x12~\xef\xd6O~\xc0\x926\xbcB \xa4\x80',"b'33""""\x11\x11\x11\xa1UUUUUUDD'","b'33""""\x11\x11\x11\xc1UUUUUUDD'",3,고위험 고수익,1500,90,70,100,0,0,KEEP,0,0,2025-06-06 09:08:51,2025-06-06 09:08:54,com.popoworld.backend.invest.entity.InvestHistory
146,"b""'Gd\x85<\xff\xa5\x87\xd9\xf9\xcbCZ,\xfc\xa9""",b'cL\x12~\xef\xd6O~\xc0\x926\xbcB \xa4\x80',"b'33""""\x11\x11\x11\xa1UUUUUUDD'","b'33""""\x11\x11\x11\xc1UUUUUUDD'",3,균형형,1500,110,120,100,0,0,KEEP,0,0,2025-06-06 09:08:51,2025-06-06 09:08:54,com.popoworld.backend.invest.entity.InvestHistory
147,"b'\x1dDN\xbe\xa6 ,\xe5k\x02b8\xb7g:\xb1'",b'cL\x12~\xef\xd6O~\xc0\x926\xbcB \xa4\x80',"b'33""""\x11\x11\x11\xa1UUUUUUDD'","b'33""""\x11\x11\x11\xc1UUUUUUDD'",4,균형형,1500,120,130,100,0,0,KEEP,0,0,2025-06-06 09:08:51,2025-06-06 09:08:55,com.popoworld.backend.invest.entity.InvestHistory
148,b'\xa3B\x97\xe4I\xea\xd7\x92\xf0\xd2aK=\x12\xfc\xbc',b'cL\x12~\xef\xd6O~\xc0\x926\xbcB \xa4\x80',"b'33""""\x11\x11\x11\xa1UUUUUUDD'","b'33""""\x11\x11\x11\xc1UUUUUUDD'",4,장기 안정형,1500,105,100,100,5,0,KEEP,0,0,2025-06-06 09:08:51,2025-06-06 09:08:55,com.popoworld.backend.invest.entity.InvestHistory
149,b'\xfcL\xee\xc7\x1c\x13\xf1\xb4M5{\x9d\xed\x95\xef\xa2',b'cL\x12~\xef\xd6O~\xc0\x926\xbcB \xa4\x80',"b'33""""\x11\x11\x11\xa1UUUUUUDD'","b'33""""\x11\x11\x11\xc1UUUUUUDD'",4,고위험 고수익,1500,70,60,100,0,0,KEEP,0,0,2025-06-06 09:08:51,2025-06-06 09:08:55,com.popoworld.backend.invest.entity.InvestHistory
150,b'XI\xf0\xc0\xffP\x82\xbct\xc95\x86&8\xb5\xbf',b'cL\x12~\xef\xd6O~\xc0\x926\xbcB \xa4\x80',"b'33""""\x11\x11\x11\xa1UUUUUUDD'","b'33""""\x11\x11\x11\xc1UUUUUUDD'",5,장기 안정형,1500,100,95,100,5,0,KEEP,0,0,2025-06-06 09:08:51,2025-06-06 09:08:55,com.popoworld.backend.invest.entity.InvestHistory
151,"b""BB\xac\xa92T\x06\xbd\xbeH\xd2\x08'\xed:\xa2""",b'cL\x12~\xef\xd6O~\xc0\x926\xbcB \xa4\x80',"b'33""""\x11\x11\x11\xa1UUUUUUDD'","b'33""""\x11\x11\x11\xc1UUUUUUDD'",5,고위험 고수익,1500,60,50,100,0,0,KEEP,0,0,2025-06-06 09:08:51,2025-06-06 09:08:55,com.popoworld.backend.invest.entity.InvestHistory
152,b'\xe9@\n\xd0\xbdo\xb2\x93`\x0e\x86\xb5r\xb4@\x89',b'cL\x12~\xef\xd6O~\xc0\x926\xbcB \xa4\x80',"b'33""""\x11\x11\x11\xa1UUUUUUDD'","b'33""""\x11\x11\x11\xc1UUUUUUDD'",5,균형형,1500,130,140,100,0,0,KEEP,0,0,2025-06-06 09:08:51,2025-06-06 09:08:55,com.popoworld.backend.invest.entity.InvestHistory
153,b'yL\xab\xad)\xe9\xd5\x9ci\xf6I\xa2-]\xba\xaa',b'cL\x12~\xef\xd6O~\xc0\x926\xbcB \xa4\x80',"b'33""""\x11\x11\x11\xa1UUUUUUDD'","b'33""""\x11\x11\x11\xc1UUUUUUDD'",6,장기 안정형,1500,95,90,100,5,0,KEEP,0,0,2025-06-06 09:08:51,2025-06-06 09:08:56,com.popoworld.backend.invest.entity.InvestHistory
154,b'\xebA\xba\xa8\x8f\x9d[\xd5u\x08!D^\xa4\xd7\xbc',b'cL\x12~\xef\xd6O~\xc0\x926\xbcB \xa4\x80',"b'33""""\x11\x11\x11\xa1UUUUUUDD'","b'33""""\x11\x11\x11\xc1UUUUUUDD'",6,균형형,1500,140,150,100,0,0,KEEP,0,0,2025-06-06 09:08:51,2025-06-06 09:08:56,com.popoworld.backend.invest.entity.InvestHistory
155,b'\xc8Ia\xf2\x8aIq\xc5\xd6\xd5.G\xfc4\xbe\xb1',b'cL\x12~\xef\xd6O~\xc0\x926\xbcB \xa4\x80',"b'33""""\x11\x11\x11\xa1UUUUUUDD'","b'33""""\x11\x11\x11\xc1UUUUUUDD'",6,고위험 고수익,1500,50,40,100,0,0,KEEP,0,0,2025-06-06 09:08:51,2025-06-06 09:08:56,com.popoworld.backend.invest.entity.InvestHistory
156,b'\xbaAy\x90\xe1\xe3%f\xa8\xbf\x19DM\xeb\x16\x9c',b'cL\x12~\xef\xd6O~\xc0\x926\xbcB \xa4\x80',"b'33""""\x11\x11\x11\xa1UUUUUUDD'","b'33""""\x11\x11\x11\xc1UUUUUUDD'",7,고위험 고수익,1500,40,30,100,0,0,KEEP,0,0,2025-06-06 09:08:51,2025-06-06 09:08:57,com.popoworld.backend.invest.entity.InvestHistory
157,b'\xdeL\xb7\t\xf8a_\xebT\xd6\x80\x84\xb6\xc2\n\x84',b'cL\x12~\xef\xd6O~\xc0\x926\xbcB \xa4\x80',"b'33""""\x11\x11\x11\xa1UUUUUUDD'","b'33""""\x11\x11\x11\xc1UUUUUUDD'",7,균형형,1500,150,160,100,0,0,KEEP,0,0,2025-06-06 09:08:51,2025-06-06 09:08:57,com.popoworld.backend.invest.entity.InvestHistory
158,b'GK\xb6\x11\xf1\xb2\xd3\xcf\\G6\\\x016h\x92',b'cL\x12~\xef\xd6O~\xc0\x926\xbcB \xa4\x80',"b'33""""\x11\x11\x11\xa1UUUUUUDD'","b'33""""\x11\x11\x11\xc1UUUUUUDD'",7,장기 안정형,1500,90,85,100,5,0,KEEP,0,0,2025-06-06 09:08:51,2025-06-06 09:08:57,com.popoworld.backend.invest.entity.InvestHistory
159,b'>B\xf8\x974\xf0\xd7\xb2\x88\xee\x85J\x98 2\xad',b'\x0e@\xa9\x8b\x1b)\x98\xf8<c\xd3+Q7\xc8\x94',"b'33""""\x11\x11\x11\xa1UUUUUUDD'","b'33""""\x11\x11\x11\xc1UUUUUUDD'",1,고위험 고수익,2000,0,100,100,0,0,KEEP,0,0,2025-06-06 09:35:38,2025-06-06 09:36:01,com.popoworld.backend.invest.entity.InvestHistory
160,b'\xfb@NN\x87\xf1\xf8f\x1fv\xee\xcd\xb3\\/\xb9',b'\x0e@\xa9\x8b\x1b)\x98\xf8<c\xd3+Q7\xc8\x94',"b'33""""\x11\x11\x11\xa1UUUUUUDD'","b'33""""\x11\x11\x11\xc1UUUUUUDD'",1,균형형,2000,0,100,100,0,0,KEEP,0,0,2025-06-06 09:35:38,2025-06-06 09:36:01,com.popoworld.backend.invest.entity.InvestHistory
161,b'\x9aAN\xdf>:\x15+c\x11\x8c\xff\r\xbfr\x81',b'\x0e@\xa9\x8b\x1b)\x98\xf8<c\xd3+Q7\xc8\x94',"b'33""""\x11\x11\x11\xa1UUUUUUDD'","b'33""""\x11\x11\x11\xc1UUUUUUDD'",1,장기 안정형,2000,0,100,100,0,0,KEEP,3,3,2025-06-06 09:35:38,2025-06-06 09:36:01,com.popoworld.backend.invest.entity.InvestHistory
162,b'\x88A.)\xc7?\xa0\xbd\xd8\x1e\x83\xed\xeep\x9f\x97',"b'\xa2J\x19\x1a\xecs\xe4\n\xb8\xa6f,\xfa\xbb<\xbf'","b'33""""\x11\x11\x11\xa1UUUUUUDD'","b'33""""\x11\x11\x11\xc1UUUUUUDD'",1,고위험 고수익,0,0,100,100,0,0,KEEP,0,0,2025-06-07 04:07:15,2025-06-07 04:07:57,com.popoworld.backend.invest.entity.InvestHistory
163,b'\x12E\xd7\xd0\x9e\xaf67\xc9:S{\xc8\x00\x03\x8a',"b'\xa2J\x19\x1a\xecs\xe4\n\xb8\xa6f,\xfa\xbb<\xbf'","b'33""""\x11\x11\x11\xa1UUUUUUDD'","b'33""""\x11\x11\x11\xc1UUUUUUDD'",1,균형형,0,0,100,100,6,0,BUY,8,2,2025-06-07 04:07:15,2025-06-07 04:07:57,com.popoworld.backend.invest.entity.InvestHistory
164,"b'\x1dC\xfe$\x0f\xe1>\xf6j\xdc8,\xd7""\xaf\x83'","b'\xa2J\x19\x1a\xecs\xe4\n\xb8\xa6f,\xfa\xbb<\xbf'","b'33""""\x11\x11\x11\xa1UUUUUUDD'","b'33""""\x11\x11\x11\xc1UUUUUUDD'",1,장기 안정형,0,0,100,100,14,0,BUY,14,0,2025-06-07 04:07:15,2025-06-07 04:07:57,com.popoworld.backend.invest.entity.InvestHistory
165,b'+C>\xee\xe1Q\xad\x85Z=\xc9\xc0]\x08\xf7\x9d',b'\xf9B\xb7_\xfa\xcd_\x17\xca\xc1\x89j\x00;\xed\xa5',a1111111-2222-3333-4444-555555555555,"b'33""""\x11\x11\x11\xc1UUUUUUDD'",1,장기 안정형,900,0,100,100,4,0,BUY,4,0,2025-06-09 14:17:06,2025-06-09 14:17:20,com.popoworld.backend.invest.entity.InvestHistory
166,b'\x0bH\xbe4\xe9\xaf\x9fo\xdf\xcceN\x8f\xc61\x96',b'\xf9B\xb7_\xfa\xcd_\x17\xca\xc1\x89j\x00;\xed\xa5',a1111111-2222-3333-4444-555555555555,"b'33""""\x11\x11\x11\xc1UUUUUUDD'",1,균형형,900,0,100,100,4,0,BUY,4,0,2025-06-09 14:17:06,2025-06-09 14:17:20,com.popoworld.backend.invest.entity.InvestHistory
167,b'=F\x0c5\x91l\xc5\xa9\xab\xad\x7f\x14\xffl|\x9e',b'\xf9B\xb7_\xfa\xcd_\x17\xca\xc1\x89j\x00;\xed\xa5',a1111111-2222-3333-4444-555555555555,"b'33""""\x11\x11\x11\xc1UUUUUUDD'",1,고위험 고수익,900,0,100,100,3,0,BUY,3,0,2025-06-09 14:17:06,2025-06-09 14:17:20,com.popoworld.backend.invest.entity.InvestHistory
168,b'iOy\xdc\xf5\xa6\xa5\x1cS\x8f\x0ec\x8b\xb5\x8e\xbf',b'\xf9B\xb7_\xfa\xcd_\x17\xca\xc1\x89j\x00;\xed\xa5',a1111111-2222-3333-4444-555555555555,"b'33""""\x11\x11\x11\xc1UUUUUUDD'",2,균형형,1990,100,110,100,0,40,SELL,0,4,2025-06-09 14:17:06,2025-06-09 14:17:26,com.popoworld.backend.invest.entity.InvestHistory
169,b'\xdcHX5#\xf5:n\xd3\x05\xcd\xfd&\xea\x80\x9d',b'\xf9B\xb7_\xfa\xcd_\x17\xca\xc1\x89j\x00;\xed\xa5',a1111111-2222-3333-4444-555555555555,"b'33""""\x11\x11\x11\xc1UUUUUUDD'",2,고위험 고수익,1990,100,90,100,0,-30,SELL,0,3,2025-06-09 14:17:06,2025-06-09 14:17:26,com.popoworld.backend.invest.entity.InvestHistory
170,"b""o@xx\x87\x9d\x91\xb4\x15\x1e\x15%\x94\x8d'\xaf""",b'\xf9B\xb7_\xfa\xcd_\x17\xca\xc1\x89j\x00;\xed\xa5',a1111111-2222-3333-4444-555555555555,"b'33""""\x11\x11\x11\xc1UUUUUUDD'",2,장기 안정형,1990,100,95,100,0,-20,SELL,0,4,2025-06-09 14:17:06,2025-06-09 14:17:26,com.popoworld.backend.invest.entity.InvestHistory
171,"b'\xe8BPS""\xbcu*M\xd5\xfb\xb1\xd1\xbc\xe7\xb6'",b'\xf9B\xb7_\xfa\xcd_\x17\xca\xc1\x89j\x00;\xed\xa5',a1111111-2222-3333-4444-555555555555,"b'33""""\x11\x11\x11\xc1UUUUUUDD'",3,균형형,895,110,120,100,3,0,BUY,3,0,2025-06-09 14:17:06,2025-06-09 14:17:38,com.popoworld.backend.invest.entity.InvestHistory
172,b'\x8aO\x81\xd3\xc7\xfexY\t\xaf\x1b\x05$\xd9\x97\xa8',b'\xf9B\xb7_\xfa\xcd_\x17\xca\xc1\x89j\x00;\xed\xa5',a1111111-2222-3333-4444-555555555555,"b'33""""\x11\x11\x11\xc1UUUUUUDD'",3,장기 안정형,895,95,105,100,7,0,BUY,7,0,2025-06-09 14:17:06,2025-06-09 14:17:38,com.popoworld.backend.invest.entity.InvestHistory
173,"b'eB<=\x8d!\xaf\xb9\xb0\x95q\xe3""\xdc(\xab'",b'\xf9B\xb7_\xfa\xcd_\x17\xca\xc1\x89j\x00;\xed\xa5',a1111111-2222-3333-4444-555555555555,"b'33""""\x11\x11\x11\xc1UUUUUUDD'",3,고위험 고수익,895,90,70,100,0,0,KEEP,0,0,2025-06-09 14:17:06,2025-06-09 14:17:38,com.popoworld.backend.invest.entity.InvestHistory
174,b'\xb6H\xf1\xe0L\xd0s\xd0\xf2*F7\x14\x86\xe8\x8e',b'\xf9B\xb7_\xfa\xcd_\x17\xca\xc1\x89j\x00;\xed\xa5',a1111111-2222-3333-4444-555555555555,"b'33""""\x11\x11\x11\xc1UUUUUUDD'",4,균형형,895,120,130,100,3,0,KEEP,0,0,2025-06-09 14:17:06,2025-06-09 14:17:39,com.popoworld.backend.invest.entity.InvestHistory
175,b'DD\xcb\xe7V)\xbb`Y\xedQL\xd1\xfbM\xa4',b'\xf9B\xb7_\xfa\xcd_\x17\xca\xc1\x89j\x00;\xed\xa5',a1111111-2222-3333-4444-555555555555,"b'33""""\x11\x11\x11\xc1UUUUUUDD'",4,고위험 고수익,895,70,60,100,0,0,KEEP,0,0,2025-06-09 14:17:06,2025-06-09 14:17:39,com.popoworld.backend.invest.entity.InvestHistory
176,b'\xdaF\xdf\xbc\xac\xe1\xef\xdb\x9b\x98\xa4\x98\x8a\x1f&\x99',b'\xf9B\xb7_\xfa\xcd_\x17\xca\xc1\x89j\x00;\xed\xa5',a1111111-2222-3333-4444-555555555555,"b'33""""\x11\x11\x11\xc1UUUUUUDD'",4,장기 안정형,895,105,100,100,7,0,KEEP,0,0,2025-06-09 14:17:06,2025-06-09 14:17:39,com.popoworld.backend.invest.entity.InvestHistory
177,b'\x97Jp\x0c\x1d\x02\xd8\x19\xe1\x1d[\x9b\xa0\xf2\xce\x91',b'\xf9B\xb7_\xfa\xcd_\x17\xca\xc1\x89j\x00;\xed\xa5',a1111111-2222-3333-4444-555555555555,"b'33""""\x11\x11\x11\xc1UUUUUUDD'",5,고위험 고수익,895,60,50,100,0,0,KEEP,0,0,2025-06-09 14:17:06,2025-06-09 14:17:39,com.popoworld.backend.invest.entity.InvestHistory
178,b'\xbeA\xf8\xea\x84\x00\x0f\xc7\x9e\xa3\xeb\xc1_\xc83\x89',b'\xf9B\xb7_\xfa\xcd_\x17\xca\xc1\x89j\x00;\xed\xa5',a1111111-2222-3333-4444-555555555555,"b'33""""\x11\x11\x11\xc1UUUUUUDD'",5,균형형,895,130,140,100,3,0,KEEP,0,0,2025-06-09 14:17:06,2025-06-09 14:17:39,com.popoworld.backend.invest.entity.InvestHistory
179,b'\xdfId\x84pe\xa1\x82{dEV\xd3\xee\x12\x94',b'\xf9B\xb7_\xfa\xcd_\x17\xca\xc1\x89j\x00;\xed\xa5',a1111111-2222-3333-4444-555555555555,"b'33""""\x11\x11\x11\xc1UUUUUUDD'",5,장기 안정형,895,100,95,100,7,0,KEEP,0,0,2025-06-09 14:17:06,2025-06-09 14:17:39,com.popoworld.backend.invest.entity.InvestHistory
180,b'\xeaM\x1f\xe8\xa1\x87\xb9\xd1O\x0e\xd9=w\xdbX\x88',b'\xf9B\xb7_\xfa\xcd_\x17\xca\xc1\x89j\x00;\xed\xa5',a1111111-2222-3333-4444-555555555555,"b'33""""\x11\x11\x11\xc1UUUUUUDD'",6,균형형,895,140,150,100,3,0,KEEP,0,0,2025-06-09 14:17:06,2025-06-09 14:17:40,com.popoworld.backend.invest.entity.InvestHistory
181,b'\xafF\x90\x8a\xc3:s\xae4z\xa0\xf0\x0b\xd7N\x93',b'\xf9B\xb7_\xfa\xcd_\x17\xca\xc1\x89j\x00;\xed\xa5',a1111111-2222-3333-4444-555555555555,"b'33""""\x11\x11\x11\xc1UUUUUUDD'",6,고위험 고수익,895,50,40,100,0,0,KEEP,0,0,2025-06-09 14:17:06,2025-06-09 14:17:40,com.popoworld.backend.invest.entity.InvestHistory
182,b'\xf4O\x99\x98Q3)x\x00{\xbb\xa2\xa5S\xec\xa9',b'\xf9B\xb7_\xfa\xcd_\x17\xca\xc1\x89j\x00;\xed\xa5',a1111111-2222-3333-4444-555555555555,"b'33""""\x11\x11\x11\xc1UUUUUUDD'",6,장기 안정형,895,95,90,100,7,0,KEEP,0,0,2025-06-09 14:17:06,2025-06-09 14:17:40,com.popoworld.backend.invest.entity.InvestHistory
183,b'iI\x8f\x19\xf7\xe2\x032=:\xbc\x11\x8d\x02m\xbe',b'\xf9B\xb7_\xfa\xcd_\x17\xca\xc1\x89j\x00;\xed\xa5',a1111111-2222-3333-4444-555555555555,"b'33""""\x11\x11\x11\xc1UUUUUUDD'",7,균형형,895,150,160,100,3,0,KEEP,0,0,2025-06-09 14:17:06,2025-06-09 14:17:42,com.popoworld.backend.invest.entity.InvestHistory
184,b'\xd7I;\xdaIkt\x85\x8e\xe7\xa0n\xda\xef1\x9c',b'\xf9B\xb7_\xfa\xcd_\x17\xca\xc1\x89j\x00;\xed\xa5',a1111111-2222-3333-4444-555555555555,"b'33""""\x11\x11\x11\xc1UUUUUUDD'",7,고위험 고수익,895,40,30,100,0,0,KEEP,0,0,2025-06-09 14:17:06,2025-06-09 14:17:42,com.popoworld.backend.invest.entity.InvestHistory
185,b'qD_\xce \x12p3W\xb2\xb82h\xea5\xb4',b'\xf9B\xb7_\xfa\xcd_\x17\xca\xc1\x89j\x00;\xed\xa5',a1111111-2222-3333-4444-555555555555,"b'33""""\x11\x11\x11\xc1UUUUUUDD'",7,장기 안정형,895,90,85,100,7,0,KEEP,0,0,2025-06-09 14:17:06,2025-06-09 14:17:42,com.popoworld.backend.invest.entity.InvestHistory
